<?xml version="1.0" encoding="UTF-8"?>
<project-private xmlns="http://www.netbeans.org/ns/project-private/1">
    <editor-bookmarks xmlns="http://www.netbeans.org/ns/editor-bookmarks/2" lastBookmarkId="0"/>
    <open-files xmlns="http://www.netbeans.org/ns/projectui-open-files/2">
        <group>
            <file>file:/C:/xampp/htdocs/shop/resources/views/dashboard/shop/product/edit.blade.php</file>
            <file>file:/C:/xampp/htdocs/shop/public/js/dashboard/dashboard.js</file>
            <file>file:/C:/xampp/htdocs/shop/app/Models/Shop/Product.php</file>
            <file>file:/C:/xampp/htdocs/shop/public/css/dashboard/dashboard.css</file>
            <file>file:/C:/xampp/htdocs/shop/app/Http/Controllers/Dashboard/Shop/ManageProductController.php</file>
        </group>
    </open-files>
</project-private>
